{
  "api": [
    {
      "id": "59dde0def94062f06bcc1211",
      "age": 27,
      "name": "Gale Sullivan",
      "gender": "female",
      "email": "galesullivan@zedalis.com"
    },
    {
      "id": "59dde0deb5516ea4f23590f9",
      "age": 31,
      "name": "Karyn Fulton",
      "gender": "female",
      "email": "karynfulton@zedalis.com"
    },
    {
      "id": "59dde0de06024380d2fe4f86",
      "age": 24,
      "name": "Billie Lamb",
      "gender": "female",
      "email": "billielamb@zedalis.com"
    },
    {
      "id": "59dde0de47b61d96286c4f18",
      "age": 31,
      "name": "Marguerite Hunter",
      "gender": "female",
      "email": "margueritehunter@zedalis.com"
    }
  ]
}